"_id","user_id","timestamp","metric_name","metric_contextual_value","metric_dev"
"ObjectId(""683570859da2c206d6b385a2"")",1,"2025-05-27T00:00:00","articulation_rate",4,0
"ObjectId(""683570859da2c206d6b385a3"")",1,"2025-05-28T00:00:00","articulation_rate",4.1,0.9000000000000004
"ObjectId(""683570859da2c206d6b385a4"")",1,"2025-05-29T00:00:00","articulation_rate",4.123333333333333,0.20999999999999996
"ObjectId(""683570859da2c206d6b385a5"")",1,"2025-05-30T00:00:00","articulation_rate",4.144333333333333,0.18900000000000006
"ObjectId(""683570859da2c206d6b385a6"")",1,"2025-05-31T00:00:00","articulation_rate",4.129899999999999,0.12989999999999924
"ObjectId(""683570859da2c206d6b385a7"")",1,"2025-06-01T00:00:00","articulation_rate",4.116909999999999,0.11690999999999896
"ObjectId(""683570859da2c206d6b385a8"")",1,"2025-06-02T00:00:00","articulation_rate",4.105218999999999,0.10521899999999906
"ObjectId(""683570859da2c206d6b385a9"")",1,"2025-06-04T00:00:00","articulation_rate",4.144697099999999,0.35530290000000075
"ObjectId(""683570859da2c206d6b385aa"")",1,"2025-06-05T00:00:00","articulation_rate",4.163560723333332,0.16977261000000077
"ObjectId(""683570859da2c206d6b385ab"")",1,"2025-06-06T00:00:00","articulation_rate",4.247204650999999,0.7527953490000012
"ObjectId(""683570859da2c206d6b385ac"")",1,"2025-06-07T00:00:00","articulation_rate",4.272484185899999,0.2275158141000011
"ObjectId(""683570859da2c206d6b385ad"")",1,"2025-06-08T00:00:00","articulation_rate",4.234309660322999,1.2343096603229986
"ObjectId(""683570859da2c206d6b385ae"")",1,"2025-06-09T00:00:00","articulation_rate",4.3108786942906985,0.6891213057093015
"ObjectId(""683570859da2c206d6b385af"")",1,"2025-06-10T00:00:00","articulation_rate",4.329790824861629,0.1702091751383712
"ObjectId(""683570859da2c206d6b385b0"")",1,"2025-06-11T00:00:00","articulation_rate",4.246811742375466,0.7468117423754661
"ObjectId(""683570859da2c206d6b385b1"")",1,"2025-06-13T00:00:00","articulation_rate",4.22213056813792,0.22213056813791976
"ObjectId(""683570859da2c206d6b385b2"")",1,"2025-06-15T00:00:00","articulation_rate",4.233250844657461,0.10008248867587177
"ObjectId(""683570859da2c206d6b385b3"")",1,"2025-06-16T00:00:00","articulation_rate",4.196253319317737,1.1962533193177372
"ObjectId(""683570859da2c206d6b385b4"")",1,"2025-06-17T00:00:00","articulation_rate",4.209961320719296,0.12337201261403674
"ObjectId(""683570859da2c206d6b385b5"")",1,"2025-06-18T00:00:00","articulation_rate",4.188965188647367,0.18896518864736667
"ObjectId(""683570859da2c206d6b385b6"")",1,"2025-06-19T00:00:00","articulation_rate",4.203402003115963,0.1299313302173699
"ObjectId(""683570859da2c206d6b385b7"")",1,"2025-06-20T00:00:00","articulation_rate",4.283061802804367,0.716938197195633
"ObjectId(""683570859da2c206d6b385b8"")",1,"2025-06-21T00:00:00","articulation_rate",4.2547556225239305,0.25475562252393047
"ObjectId(""683570859da2c206d6b385b9"")",1,"2025-06-22T00:00:00","articulation_rate",4.2626133936048705,0.07071993972846258
"ObjectId(""683570859da2c206d6b385ba"")",1,"2025-05-27T00:00:00","f0_avg",113.80126098385318,0
"ObjectId(""683570859da2c206d6b385bb"")",1,"2025-05-28T00:00:00","f0_avg",113.92612834470366,4.037378000831794
"ObjectId(""683570859da2c206d6b385bc"")",1,"2025-05-29T00:00:00","f0_avg",113.86946263891377,1.8321911538728983
"ObjectId(""683570859da2c206d6b385bd"")",1,"2025-05-30T00:00:00","f0_avg",113.63719268093368,7.510061974689577
"ObjectId(""683570859da2c206d6b385be"")",1,"2025-05-31T00:00:00","f0_avg",113.37836838996638,8.368652074609102
"ObjectId(""683570859da2c206d6b385bf"")",1,"2025-06-01T00:00:00","f0_avg",113.52823056112506,4.845543534130414
"ObjectId(""683570859da2c206d6b385c0"")",1,"2025-06-02T00:00:00","f0_avg",113.35326222209001,5.657309628799965
"ObjectId(""683570859da2c206d6b385c1"")",1,"2025-06-04T00:00:00","f0_avg",113.47448428724854,3.91951344012584
"ObjectId(""683570859da2c206d6b385c2"")",1,"2025-06-05T00:00:00","f0_avg",113.6230923268604,4.804993280783549
"ObjectId(""683570859da2c206d6b385c3"")",1,"2025-06-06T00:00:00","f0_avg",113.88912425045704,8.601698862958173
"ObjectId(""683570859da2c206d6b385c4"")",1,"2025-06-07T00:00:00","f0_avg",114.0810991299253,6.20718776947399
"ObjectId(""683570859da2c206d6b385c5"")",1,"2025-06-08T00:00:00","f0_avg",114.26451084912763,5.930312254208687
"ObjectId(""683570859da2c206d6b385c6"")",1,"2025-06-09T00:00:00","f0_avg",113.91142963770997,11.416292502504234
"ObjectId(""683570859da2c206d6b385c7"")",1,"2025-06-10T00:00:00","f0_avg",114.2681642567676,11.534419349530225
"ObjectId(""683570859da2c206d6b385c8"")",1,"2025-06-11T00:00:00","f0_avg",114.04272551572767,7.2891859602910785
"ObjectId(""683570859da2c206d6b385c9"")",1,"2025-06-13T00:00:00","f0_avg",114.05513523501187,0.11168747355790742
"ObjectId(""683570859da2c206d6b385ca"")",1,"2025-06-15T00:00:00","f0_avg",114.24860857929694,6.255638131883671
"ObjectId(""683570859da2c206d6b385cb"")",1,"2025-06-16T00:00:00","f0_avg",114.05055888596901,6.403606750936618
"ObjectId(""683570859da2c206d6b385cc"")",1,"2025-06-17T00:00:00","f0_avg",113.97742961093108,2.364513226226208
"ObjectId(""683570859da2c206d6b385cd"")",1,"2025-06-18T00:00:00","f0_avg",113.76229570669581,6.9559962369406065
"ObjectId(""683570859da2c206d6b385ce"")",1,"2025-06-19T00:00:00","f0_avg",113.54012411220758,7.183548221786211
"ObjectId(""683570859da2c206d6b385cf"")",1,"2025-06-20T00:00:00","f0_avg",113.82383742783836,9.173397205395148
"ObjectId(""683570859da2c206d6b385d0"")",1,"2025-06-21T00:00:00","f0_avg",113.56626225952778,8.328263775375646
"ObjectId(""683570859da2c206d6b385d1"")",1,"2025-06-22T00:00:00","f0_avg",113.36367783652355,6.550229677136812
"ObjectId(""683570859da2c206d6b385d2"")",1,"2025-05-27T00:00:00","f0_range",100.24674118008458,0
"ObjectId(""683570859da2c206d6b385d3"")",1,"2025-05-28T00:00:00","f0_range",101.76379307812469,49.051344703296635
"ObjectId(""683570859da2c206d6b385d4"")",1,"2025-05-29T00:00:00","f0_range",101.69015173970654,2.3810699421871107
"ObjectId(""683570859da2c206d6b385d5"")",1,"2025-05-30T00:00:00","f0_range",100.435009684324,40.58292645736881
"ObjectId(""683570859da2c206d6b385d6"")",1,"2025-05-31T00:00:00","f0_range",101.70797147226061,41.15909780995024
"ObjectId(""683570859da2c206d6b385d7"")",1,"2025-06-01T00:00:00","f0_range",101.88281303983669,5.653210684960186
"ObjectId(""683570859da2c206d6b385d8"")",1,"2025-06-02T00:00:00","f0_range",102.69052853308096,26.116134281564655
"ObjectId(""683570859da2c206d6b385d9"")",1,"2025-06-04T00:00:00","f0_range",103.22118310539221,17.157831171397063
"ObjectId(""683570859da2c206d6b385da"")",1,"2025-06-05T00:00:00","f0_range",102.6463997571699,18.5846615925216
"ObjectId(""683570859da2c206d6b385db"")",1,"2025-06-06T00:00:00","f0_range",102.4624092028145,5.949027924157875
"ObjectId(""683570859da2c206d6b385dc"")",1,"2025-06-07T00:00:00","f0_range",103.54080342431753,34.868079828598084
"ObjectId(""683570859da2c206d6b385dd"")",1,"2025-06-08T00:00:00","f0_range",103.81433084447148,8.84405325164461
"ObjectId(""683570859da2c206d6b385de"")",1,"2025-06-09T00:00:00","f0_range",104.36897981085954,17.933649913213927
"ObjectId(""683570859da2c206d6b385df"")",1,"2025-06-10T00:00:00","f0_range",106.9918571187101,84.80636628716817
"ObjectId(""683570859da2c206d6b385e0"")",1,"2025-06-11T00:00:00","f0_range",105.79184923806955,38.80025480737811
"ObjectId(""683570859da2c206d6b385e1"")",1,"2025-06-13T00:00:00","f0_range",108.49619331944514,87.44045863114404
"ObjectId(""683570859da2c206d6b385e2"")",1,"2025-06-15T00:00:00","f0_range",109.29084457503183,25.693723930636025
"ObjectId(""683570859da2c206d6b385e3"")",1,"2025-06-16T00:00:00","f0_range",109.24863410521421,1.3648051907697578
"ObjectId(""683570859da2c206d6b385e4"")",1,"2025-06-17T00:00:00","f0_range",108.41192844655222,27.053482963404136
"ObjectId(""683570859da2c206d6b385e5"")",1,"2025-06-18T00:00:00","f0_range",111.12723081671717,87.7947766353333
"ObjectId(""683570859da2c206d6b385e6"")",1,"2025-06-19T00:00:00","f0_range",111.42681475565045,9.686547358842546
"ObjectId(""683570859da2c206d6b385e7"")",1,"2025-06-20T00:00:00","f0_range",111.14418412133428,9.138390509556217
"ObjectId(""683570859da2c206d6b385e8"")",1,"2025-06-21T00:00:00","f0_range",110.3924768832408,24.305200698355776
"ObjectId(""683570859da2c206d6b385e9"")",1,"2025-06-22T00:00:00","f0_range",109.44346922599851,30.684580917500853
"ObjectId(""683570859da2c206d6b385ea"")",1,"2025-05-27T00:00:00","f0_std",22.99683403134732,0
"ObjectId(""683570859da2c206d6b385eb"")",1,"2025-05-28T00:00:00","f0_std",23.082456582896988,2.76846250010594
"ObjectId(""683570859da2c206d6b385ec"")",1,"2025-05-29T00:00:00","f0_std",22.991470831977544,0.8188717582750122
"ObjectId(""683570859da2c206d6b385ed"")",1,"2025-05-30T00:00:00","f0_std",22.696174710593944,9.547907924736423
"ObjectId(""683570859da2c206d6b385ee"")",1,"2025-05-31T00:00:00","f0_std",22.71908404713004,0.20618402882484332
"ObjectId(""683570859da2c206d6b385ef"")",1,"2025-06-01T00:00:00","f0_std",22.769835210696318,1.6409542886429982
"ObjectId(""683570859da2c206d6b385f0"")",1,"2025-06-02T00:00:00","f0_std",22.733640275988186,0.3257544123731648
"ObjectId(""683570859da2c206d6b385f1"")",1,"2025-06-04T00:00:00","f0_std",22.785004665006618,0.46227950116588445
"ObjectId(""683570859da2c206d6b385f2"")",1,"2025-06-05T00:00:00","f0_std",22.625567587519196,5.15513217209331
"ObjectId(""683570859da2c206d6b385f3"")",1,"2025-06-06T00:00:00","f0_std",22.578493482560607,1.5220627269944202
"ObjectId(""683570859da2c206d6b385f4"")",1,"2025-06-07T00:00:00","f0_std",22.577166842697142,0.01193975877118092
"ObjectId(""683570859da2c206d6b385f5"")",1,"2025-06-08T00:00:00","f0_std",22.667697784017406,0.8147784718823914
"ObjectId(""683570859da2c206d6b385f6"")",1,"2025-06-09T00:00:00","f0_std",22.59128451147786,0.6877194528559407
"ObjectId(""683570859da2c206d6b385f7"")",1,"2025-06-10T00:00:00","f0_std",22.937453339699918,11.192792112513171
"ObjectId(""683570859da2c206d6b385f8"")",1,"2025-06-11T00:00:00","f0_std",22.705448767126025,7.501481179889215
"ObjectId(""683570859da2c206d6b385f9"")",1,"2025-06-13T00:00:00","f0_std",22.88802482750695,5.903292618983254
"ObjectId(""683570859da2c206d6b385fa"")",1,"2025-06-15T00:00:00","f0_std",23.10239479779746,6.931295706059775
"ObjectId(""683570859da2c206d6b385fb"")",1,"2025-06-16T00:00:00","f0_std",23.072107357414836,0.9792939057047576
"ObjectId(""683570859da2c206d6b385fc"")",1,"2025-06-17T00:00:00","f0_std",22.857044243211245,6.953707359249469
"ObjectId(""683570859da2c206d6b385fd"")",1,"2025-06-18T00:00:00","f0_std",22.97628572571441,3.8554746009355725
"ObjectId(""683570859da2c206d6b385fe"")",1,"2025-06-19T00:00:00","f0_std",22.7833354156494,6.238726692101984
"ObjectId(""683570859da2c206d6b385ff"")",1,"2025-06-20T00:00:00","f0_std",22.72496081498707,0.525371405960982
"ObjectId(""683570859da2c206d6b38600"")",1,"2025-06-21T00:00:00","f0_std",22.534167324067297,6.168989539739318
"ObjectId(""683570859da2c206d6b38601"")",1,"2025-06-22T00:00:00","f0_std",22.339921053139438,6.280629426667481
"ObjectId(""683570859da2c206d6b38602"")",1,"2025-05-27T00:00:00","f2_transition_speed",19.14028372113503,0
"ObjectId(""683570859da2c206d6b38603"")",1,"2025-05-28T00:00:00","f2_transition_speed",19.228658880262355,2.857463478450118
"ObjectId(""683570859da2c206d6b38604"")",1,"2025-05-29T00:00:00","f2_transition_speed",19.311500728985884,2.678553108727492
"ObjectId(""683570859da2c206d6b38605"")",1,"2025-05-30T00:00:00","f2_transition_speed",19.410568147233494,3.2031798566726835
"ObjectId(""683570859da2c206d6b38606"")",1,"2025-05-31T00:00:00","f2_transition_speed",19.62805940378061,7.032217295023489
"ObjectId(""683570859da2c206d6b38607"")",1,"2025-06-01T00:00:00","f2_transition_speed",19.662277214117708,1.106375867566193
"ObjectId(""683570859da2c206d6b38608"")",1,"2025-06-02T00:00:00","f2_transition_speed",19.82084025460993,5.126871642581872
"ObjectId(""683570859da2c206d6b38609"")",1,"2025-06-04T00:00:00","f2_transition_speed",19.932816082221038,3.6205517594258296
"ObjectId(""683570859da2c206d6b3860a"")",1,"2025-06-05T00:00:00","f2_transition_speed",19.842816271155336,2.909993891124401
"ObjectId(""683570859da2c206d6b3860b"")",1,"2025-06-06T00:00:00","f2_transition_speed",19.7514413795815,2.954454827553981
"ObjectId(""683570859da2c206d6b3860c"")",1,"2025-06-07T00:00:00","f2_transition_speed",19.673597170302145,2.516962766699205
"ObjectId(""683570859da2c206d6b3860d"")",1,"2025-06-08T00:00:00","f2_transition_speed",19.477772514319057,6.3316638767865
"ObjectId(""683570859da2c206d6b3860e"")",1,"2025-06-09T00:00:00","f2_transition_speed",19.38989724671443,2.8413003192162876
"ObjectId(""683570859da2c206d6b3860f"")",1,"2025-06-10T00:00:00","f2_transition_speed",19.336571698315986,1.7241927315496888
"ObjectId(""683570859da2c206d6b38610"")",1,"2025-06-11T00:00:00","f2_transition_speed",19.185827265851103,4.874069983031191
"ObjectId(""683570859da2c206d6b38611"")",1,"2025-06-13T00:00:00","f2_transition_speed",19.21839605828467,1.053057622018759
"ObjectId(""683570859da2c206d6b38612"")",1,"2025-06-15T00:00:00","f2_transition_speed",19.3195498173791,3.270638210719863
"ObjectId(""683570859da2c206d6b38613"")",1,"2025-06-16T00:00:00","f2_transition_speed",19.437776720724273,3.822669874827163
"ObjectId(""683570859da2c206d6b38614"")",1,"2025-06-17T00:00:00","f2_transition_speed",19.552996144077465,3.7254280217531885
"ObjectId(""683570859da2c206d6b38615"")",1,"2025-06-18T00:00:00","f2_transition_speed",19.46930858759054,2.705897659743897
"ObjectId(""683570859da2c206d6b38616"")",1,"2025-06-19T00:00:00","f2_transition_speed",19.56312072602396,3.033259142680574
"ObjectId(""683570859da2c206d6b38617"")",1,"2025-06-20T00:00:00","f2_transition_speed",19.60743874573366,1.432949303946959
"ObjectId(""683570859da2c206d6b38618"")",1,"2025-06-21T00:00:00","f2_transition_speed",19.72751044512674,3.8823182803762286
"ObjectId(""683570859da2c206d6b38619"")",1,"2025-06-22T00:00:00","f2_transition_speed",19.865296302575377,4.455076057505984
"ObjectId(""683570859da2c206d6b3861a"")",1,"2025-05-27T00:00:00","formant_f1_frequencies_mean",1650.0334879557292,0
"ObjectId(""683570859da2c206d6b3861b"")",1,"2025-05-28T00:00:00","formant_f1_frequencies_mean",1649.3821110026042,21.061188151041733
"ObjectId(""683570859da2c206d6b3861c"")",1,"2025-05-29T00:00:00","formant_f1_frequencies_mean",1648.316663297526,34.44947579752602
"ObjectId(""683570859da2c206d6b3861d"")",1,"2025-05-30T00:00:00","formant_f1_frequencies_mean",1648.531350410319,6.941549980306036
"ObjectId(""683570859da2c206d6b3861e"")",1,"2025-05-31T00:00:00","formant_f1_frequencies_mean",1648.4811655132437,1.6226450054311954
"ObjectId(""683570859da2c206d6b3861f"")",1,"2025-06-01T00:00:00","formant_f1_frequencies_mean",1648.3249135312449,5.052147417963624
"ObjectId(""683570859da2c206d6b38620"")",1,"2025-06-02T00:00:00","formant_f1_frequencies_mean",1648.3456326273392,0.18647186484827216
"ObjectId(""683570859da2c206d6b38621"")",1,"2025-06-04T00:00:00","formant_f1_frequencies_mean",1649.6402892832846,41.860565208902926
"ObjectId(""683570859da2c206d6b38622"")",1,"2025-06-05T00:00:00","formant_f1_frequencies_mean",1649.0102578508797,20.371016314421468
"ObjectId(""683570859da2c206d6b38623"")",1,"2025-06-06T00:00:00","formant_f1_frequencies_mean",1647.8664637872284,36.98267472472844
"ObjectId(""683570859da2c206d6b38624"")",1,"2025-06-07T00:00:00","formant_f1_frequencies_mean",1647.5399590093539,10.556987817947629
"ObjectId(""683570859da2c206d6b38625"")",1,"2025-06-08T00:00:00","formant_f1_frequencies_mean",1646.7436393894639,25.74766770977635
"ObjectId(""683570859da2c206d6b38626"")",1,"2025-06-09T00:00:00","formant_f1_frequencies_mean",1644.5704342116862,70.26696741481123
"ObjectId(""683570859da2c206d6b38627"")",1,"2025-06-10T00:00:00","formant_f1_frequencies_mean",1642.8065829040856,57.031192279085644
"ObjectId(""683570859da2c206d6b38628"")",1,"2025-06-11T00:00:00","formant_f1_frequencies_mean",1640.540009928682,73.28585953805691
"ObjectId(""683570859da2c206d6b38629"")",1,"2025-06-13T00:00:00","formant_f1_frequencies_mean",1639.8465281366807,22.422577941368218
"ObjectId(""683570859da2c206d6b3862a"")",1,"2025-06-15T00:00:00","formant_f1_frequencies_mean",1640.0537336109396,6.699643667706141
"ObjectId(""683570859da2c206d6b3862b"")",1,"2025-06-16T00:00:00","formant_f1_frequencies_mean",1640.676159688549,20.125109842701022
"ObjectId(""683570859da2c206d6b3862c"")",1,"2025-06-17T00:00:00","formant_f1_frequencies_mean",1641.546270405705,28.133579854711797
"ObjectId(""683570859da2c206d6b3862d"")",1,"2025-06-18T00:00:00","formant_f1_frequencies_mean",1640.497782684159,33.90110299665889
"ObjectId(""683570859da2c206d6b3862e"")",1,"2025-06-19T00:00:00","formant_f1_frequencies_mean",1639.832711264181,21.503975912618444
"ObjectId(""683570859da2c206d6b3862f"")",1,"2025-06-20T00:00:00","formant_f1_frequencies_mean",1639.4708512641462,11.700140001125419
"ObjectId(""683570859da2c206d6b38630"")",1,"2025-06-21T00:00:00","formant_f1_frequencies_mean",1639.2748617125499,6.336995501612364
"ObjectId(""683570859da2c206d6b38631"")",1,"2025-06-22T00:00:00","formant_f1_frequencies_mean",1638.496115372892,25.179464982267064
"ObjectId(""683570859da2c206d6b38632"")",1,"2025-05-27T00:00:00","glottal_pulse_rate",87.0180840710111,0
"ObjectId(""683570859da2c206d6b38633"")",1,"2025-05-28T00:00:00","glottal_pulse_rate",86.66489449005724,11.419796450841545
"ObjectId(""683570859da2c206d6b38634"")",1,"2025-05-29T00:00:00","glottal_pulse_rate",86.34570750510694,10.320379180059646
"ObjectId(""683570859da2c206d6b38635"")",1,"2025-05-30T00:00:00","glottal_pulse_rate",85.56017878586678,25.39876192209845
"ObjectId(""683570859da2c206d6b38636"")",1,"2025-05-31T00:00:00","glottal_pulse_rate",85.3811939351113,5.787176841094208
"ObjectId(""683570859da2c206d6b38637"")",1,"2025-06-01T00:00:00","glottal_pulse_rate",85.06083441398894,10.358291182956066
"ObjectId(""683570859da2c206d6b38638"")",1,"2025-06-02T00:00:00","glottal_pulse_rate",84.77379432780583,9.280962786587196
"ObjectId(""683570859da2c206d6b38639"")",1,"2025-06-04T00:00:00","glottal_pulse_rate",84.54312056207422,7.458451758655428
"ObjectId(""683570859da2c206d6b3863a"")",1,"2025-06-05T00:00:00","glottal_pulse_rate",84.32554501291376,7.034942756188315
"ObjectId(""683570859da2c206d6b3863b"")",1,"2025-06-06T00:00:00","glottal_pulse_rate",84.28607235833654,1.2762824979969878
"ObjectId(""683570859da2c206d6b3863c"")",1,"2025-06-07T00:00:00","glottal_pulse_rate",84.16335027583963,3.9680140007331204
"ObjectId(""683570859da2c206d6b3863d"")",1,"2025-06-08T00:00:00","glottal_pulse_rate",84.23975471261939,2.470410122545445
"ObjectId(""683570859da2c206d6b3863e"")",1,"2025-06-09T00:00:00","glottal_pulse_rate",83.82300727672026,13.47483376073852
"ObjectId(""683570859da2c206d6b3863f"")",1,"2025-06-10T00:00:00","glottal_pulse_rate",84.11589234719753,9.469950612098387
"ObjectId(""683570859da2c206d6b38640"")",1,"2025-06-11T00:00:00","glottal_pulse_rate",83.79369024783423,10.41786787941318
"ObjectId(""683570859da2c206d6b38641"")",1,"2025-06-13T00:00:00","glottal_pulse_rate",83.83150795997732,1.2227726926265063
"ObjectId(""683570859da2c206d6b38642"")",1,"2025-06-15T00:00:00","glottal_pulse_rate",83.67052147034633,5.205229831402008
"ObjectId(""683570859da2c206d6b38643"")",1,"2025-06-16T00:00:00","glottal_pulse_rate",83.24169620463927,13.865350257861849
"ObjectId(""683570859da2c206d6b38644"")",1,"2025-06-17T00:00:00","glottal_pulse_rate",82.96794680093464,8.851230719783004
"ObjectId(""683570859da2c206d6b38645"")",1,"2025-06-18T00:00:00","glottal_pulse_rate",83.03360579671279,2.1229741968271014
"ObjectId(""683570859da2c206d6b38646"")",1,"2025-06-19T00:00:00","glottal_pulse_rate",82.64923262529666,12.428065875788292
"ObjectId(""683570859da2c206d6b38647"")",1,"2025-06-20T00:00:00","glottal_pulse_rate",82.96333610074203,10.156012372733414
"ObjectId(""683570859da2c206d6b38648"")",1,"2025-06-21T00:00:00","glottal_pulse_rate",82.55285882827471,13.272098476443134
"ObjectId(""683570859da2c206d6b38649"")",1,"2025-06-22T00:00:00","glottal_pulse_rate",82.21293751685273,10.990789069310395
"ObjectId(""683570859da2c206d6b3864a"")",1,"2025-05-27T00:00:00","hnr_mean",-25.862460772196453,0
"ObjectId(""683570859da2c206d6b3864b"")",1,"2025-05-28T00:00:00","hnr_mean",-26.309661327997844,14.459484637578328
"ObjectId(""683570859da2c206d6b3864c"")",1,"2025-05-29T00:00:00","hnr_mean",-26.363014730040234,1.7250933327039064
"ObjectId(""683570859da2c206d6b3864d"")",1,"2025-05-30T00:00:00","hnr_mean",-26.77215621715514,13.22890808338197
"ObjectId(""683570859da2c206d6b3864e"")",1,"2025-05-31T00:00:00","hnr_mean",-26.699386428101423,2.3528898460701733
"ObjectId(""683570859da2c206d6b3864f"")",1,"2025-06-01T00:00:00","hnr_mean",-26.847902105842486,4.802006913627729
"ObjectId(""683570859da2c206d6b38650"")",1,"2025-06-02T00:00:00","hnr_mean",-26.859544962580014,0.10478571063775988
"ObjectId(""683570859da2c206d6b38651"")",1,"2025-06-04T00:00:00","hnr_mean",-26.910166637536843,1.636767490270774
"ObjectId(""683570859da2c206d6b38652"")",1,"2025-06-05T00:00:00","hnr_mean",-27.108912530286958,6.426117198920402
"ObjectId(""683570859da2c206d6b38653"")",1,"2025-06-06T00:00:00","hnr_mean",-27.15546174890743,0.4189429675842682
"ObjectId(""683570859da2c206d6b38654"")",1,"2025-06-07T00:00:00","hnr_mean",-27.26647984033364,3.5895849561141127
"ObjectId(""683570859da2c206d6b38655"")",1,"2025-06-08T00:00:00","hnr_mean",-27.01065762911411,8.271584829431493
"ObjectId(""683570859da2c206d6b38656"")",1,"2025-06-09T00:00:00","hnr_mean",-27.042998079378872,1.045674558560581
"ObjectId(""683570859da2c206d6b38657"")",1,"2025-06-10T00:00:00","hnr_mean",-26.939131394825264,3.358356133899971
"ObjectId(""683570859da2c206d6b38658"")",1,"2025-06-11T00:00:00","hnr_mean",-26.97312579366349,1.099152229102625
"ObjectId(""683570859da2c206d6b38659"")",1,"2025-06-13T00:00:00","hnr_mean",-26.888711850161396,0.7597254915188181
"ObjectId(""683570859da2c206d6b3865a"")",1,"2025-06-15T00:00:00","hnr_mean",-26.9778779978609,2.8830387756172904
"ObjectId(""683570859da2c206d6b3865b"")",1,"2025-06-16T00:00:00","hnr_mean",-27.095388867855494,3.79951812982517
"ObjectId(""683570859da2c206d6b3865c"")",1,"2025-06-17T00:00:00","hnr_mean",-27.075581324657183,0.17826788878478794
"ObjectId(""683570859da2c206d6b3865d"")",1,"2025-06-18T00:00:00","hnr_mean",-27.000620727721422,2.4237259675895864
"ObjectId(""683570859da2c206d6b3865e"")",1,"2025-06-19T00:00:00","hnr_mean",-27.139214013848765,4.48118291811738
"ObjectId(""683570859da2c206d6b3865f"")",1,"2025-06-20T00:00:00","hnr_mean",-26.916826018878858,7.190545170693635
"ObjectId(""683570859da2c206d6b38660"")",1,"2025-06-21T00:00:00","hnr_mean",-27.216916033539544,9.702910474028815
"ObjectId(""683570859da2c206d6b38661"")",1,"2025-06-22T00:00:00","hnr_mean",-27.397428186780182,5.836559621447357
"ObjectId(""683570859da2c206d6b38662"")",1,"2025-05-27T00:00:00","jitter",0.020656907310088474,0
"ObjectId(""683570859da2c206d6b38663"")",1,"2025-05-28T00:00:00","jitter",0.02237521968781948,0.015464811399579049
"ObjectId(""683570859da2c206d6b38664"")",1,"2025-05-29T00:00:00","jitter",0.022444675875206786,0.0006251056864857683
"ObjectId(""683570859da2c206d6b38665"")",1,"2025-05-30T00:00:00","jitter",0.022946580585092306,0.00451714238896966
"ObjectId(""683570859da2c206d6b38666"")",1,"2025-05-31T00:00:00","jitter",0.023237781005725263,0.0026208037856966272
"ObjectId(""683570859da2c206d6b38667"")",1,"2025-06-01T00:00:00","jitter",0.0234477365636453,0.0018896000212803507
"ObjectId(""683570859da2c206d6b38668"")",1,"2025-06-02T00:00:00","jitter",0.023815655972685663,0.003311274681363257
"ObjectId(""683570859da2c206d6b38669"")",1,"2025-06-04T00:00:00","jitter",0.024868113636487346,0.009472118974215168
"ObjectId(""683570859da2c206d6b3866a"")",1,"2025-06-05T00:00:00","jitter",0.02501580155696696,0.0013291912843165221
"ObjectId(""683570859da2c206d6b3866b"")",1,"2025-06-06T00:00:00","jitter",0.025184445039685602,0.0015177913444677643
"ObjectId(""683570859da2c206d6b3866c"")",1,"2025-06-07T00:00:00","jitter",0.025539129933347733,0.003192164042959182
"ObjectId(""683570859da2c206d6b3866d"")",1,"2025-06-08T00:00:00","jitter",0.025097754189935713,0.003972381690708189
"ObjectId(""683570859da2c206d6b3866e"")",1,"2025-06-09T00:00:00","jitter",0.02508134686014121,0.00014766596815054753
"ObjectId(""683570859da2c206d6b3866f"")",1,"2025-06-10T00:00:00","jitter",0.02531159241999148,0.0020722100386524334
"ObjectId(""683570859da2c206d6b38670"")",1,"2025-06-11T00:00:00","jitter",0.02514252427224778,0.0015216133296933054
"ObjectId(""683570859da2c206d6b38671"")",1,"2025-06-13T00:00:00","jitter",0.02468455749083575,0.004121701032708251
"ObjectId(""683570859da2c206d6b38672"")",1,"2025-06-15T00:00:00","jitter",0.024505732028147726,0.0016094291641922283
"ObjectId(""683570859da2c206d6b38673"")",1,"2025-06-16T00:00:00","jitter",0.024855514304454162,0.00314804048675792
"ObjectId(""683570859da2c206d6b38674"")",1,"2025-06-17T00:00:00","jitter",0.024687305905375413,0.0015138755917087528
"ObjectId(""683570859da2c206d6b38675"")",1,"2025-06-18T00:00:00","jitter",0.024450617269832074,0.0021301977198900576
"ObjectId(""683570859da2c206d6b38676"")",1,"2025-06-19T00:00:00","jitter",0.02464974294110374,0.0017921310414449748
"ObjectId(""683570859da2c206d6b38677"")",1,"2025-06-20T00:00:00","jitter",0.024729988306798664,0.0007222082912543143
"ObjectId(""683570859da2c206d6b38678"")",1,"2025-06-21T00:00:00","jitter",0.025263521829778268,0.00480180170681644
"ObjectId(""683570859da2c206d6b38679"")",1,"2025-06-22T00:00:00","jitter",0.025256191513022663,0.00006597285080043799
"ObjectId(""683570859da2c206d6b3867a"")",1,"2025-05-27T00:00:00","pause_count",1,0
"ObjectId(""683570859da2c206d6b3867b"")",1,"2025-05-28T00:00:00","pause_count",1,0
"ObjectId(""683570859da2c206d6b3867c"")",1,"2025-05-29T00:00:00","pause_count",1.0666666666666667,0.6000000000000001
"ObjectId(""683570859da2c206d6b3867d"")",1,"2025-05-30T00:00:00","pause_count",1.1146666666666667,1.5519999999999998
"ObjectId(""683570859da2c206d6b3867e"")",1,"2025-05-31T00:00:00","pause_count",1.0812266666666668,1.0812266666666668
"ObjectId(""683570859da2c206d6b3867f"")",1,"2025-06-01T00:00:00","pause_count",1.1731040000000001,0.8268959999999999
"ObjectId(""683570859da2c206d6b38680"")",1,"2025-06-02T00:00:00","pause_count",1.2557936,0.7442063999999999
"ObjectId(""683570859da2c206d6b38681"")",1,"2025-06-04T00:00:00","pause_count",1.33021424,0.6697857599999999
"ObjectId(""683570859da2c206d6b38682"")",1,"2025-06-05T00:00:00","pause_count",1.3803078128000001,1.6196921871999999
"ObjectId(""683570859da2c206d6b38683"")",1,"2025-06-06T00:00:00","pause_count",1.4422770315200002,0.5577229684799998
"ObjectId(""683570859da2c206d6b38684"")",1,"2025-06-07T00:00:00","pause_count",1.4480493283680003,0.051950671631999734
"ObjectId(""683570859da2c206d6b38685"")",1,"2025-06-08T00:00:00","pause_count",1.5032443955312003,0.49675560446879974
"ObjectId(""683570859da2c206d6b38686"")",1,"2025-06-09T00:00:00","pause_count",1.4581470636652643,1.4581470636652643
"ObjectId(""683570859da2c206d6b38687"")",1,"2025-06-10T00:00:00","pause_count",1.512332357298738,0.48766764270126206
"ObjectId(""683570859da2c206d6b38688"")",1,"2025-06-11T00:00:00","pause_count",1.4610991215688642,0.46109912156886423
"ObjectId(""683570859da2c206d6b38689"")",1,"2025-06-13T00:00:00","pause_count",1.4149892094119778,0.4149892094119778
"ObjectId(""683570859da2c206d6b3868a"")",1,"2025-06-15T00:00:00","pause_count",1.37349028847078,0.37349028847078003
"ObjectId(""683570859da2c206d6b3868b"")",1,"2025-06-16T00:00:00","pause_count",1.436141259623702,0.563858740376298
"ObjectId(""683570859da2c206d6b3868c"")",1,"2025-06-17T00:00:00","pause_count",1.3591938003279984,0.6925271336613318
"ObjectId(""683570859da2c206d6b3868d"")",1,"2025-06-18T00:00:00","pause_count",1.3934179863181584,1.1065820136818416
"ObjectId(""683570859da2c206d6b3868e"")",1,"2025-06-19T00:00:00","pause_count",1.3540761876863425,0.3540761876863425
"ObjectId(""683570859da2c206d6b3868f"")",1,"2025-06-20T00:00:00","pause_count",1.3520019022510417,0.018668568917708406
"ObjectId(""683570859da2c206d6b38690"")",1,"2025-06-21T00:00:00","pause_count",1.383468378692604,0.28319828797406266
"ObjectId(""683570859da2c206d6b38691"")",1,"2025-06-22T00:00:00","pause_count",1.4117882074900103,0.2548784591766564
"ObjectId(""683570859da2c206d6b38692"")",1,"2025-05-27T00:00:00","pause_duration",2.6419583333333314,0
"ObjectId(""683570859da2c206d6b38693"")",1,"2025-05-28T00:00:00","pause_duration",2.6419583333333314,0
"ObjectId(""683570859da2c206d6b38694"")",1,"2025-05-29T00:00:00","pause_duration",2.6419583333333314,0
"ObjectId(""683570859da2c206d6b38695"")",1,"2025-05-30T00:00:00","pause_duration",2.6419583333333314,0
"ObjectId(""683570859da2c206d6b38696"")",1,"2025-05-31T00:00:00","pause_duration",2.6419583333333314,0
"ObjectId(""683570859da2c206d6b38697"")",1,"2025-06-01T00:00:00","pause_duration",2.6419583333333314,0
"ObjectId(""683570859da2c206d6b38698"")",1,"2025-06-02T00:00:00","pause_duration",2.6419583333333314,0
"ObjectId(""683570859da2c206d6b38699"")",1,"2025-06-04T00:00:00","pause_duration",2.6419583333333314,0
"ObjectId(""683570859da2c206d6b3869a"")",1,"2025-06-05T00:00:00","pause_duration",2.6419583333333314,0
"ObjectId(""683570859da2c206d6b3869b"")",1,"2025-06-06T00:00:00","pause_duration",2.6419583333333314,0
"ObjectId(""683570859da2c206d6b3869c"")",1,"2025-06-07T00:00:00","pause_duration",2.6419583333333314,0
"ObjectId(""683570859da2c206d6b3869d"")",1,"2025-06-08T00:00:00","pause_duration",2.6419583333333314,0
"ObjectId(""683570859da2c206d6b3869e"")",1,"2025-06-09T00:00:00","pause_duration",2.6419583333333314,0
"ObjectId(""683570859da2c206d6b3869f"")",1,"2025-06-10T00:00:00","pause_duration",2.6419583333333314,0
"ObjectId(""683570859da2c206d6b386a0"")",1,"2025-06-11T00:00:00","pause_duration",2.6419583333333314,0
"ObjectId(""683570859da2c206d6b386a1"")",1,"2025-06-13T00:00:00","pause_duration",2.6419583333333314,0
"ObjectId(""683570859da2c206d6b386a2"")",1,"2025-06-15T00:00:00","pause_duration",2.6419583333333314,0
"ObjectId(""683570859da2c206d6b386a3"")",1,"2025-06-16T00:00:00","pause_duration",2.6419583333333314,0
"ObjectId(""683570859da2c206d6b386a4"")",1,"2025-06-17T00:00:00","pause_duration",2.6419583333333314,0
"ObjectId(""683570859da2c206d6b386a5"")",1,"2025-06-18T00:00:00","pause_duration",2.6419583333333314,0
"ObjectId(""683570859da2c206d6b386a6"")",1,"2025-06-19T00:00:00","pause_duration",2.6419583333333314,0
"ObjectId(""683570859da2c206d6b386a7"")",1,"2025-06-20T00:00:00","pause_duration",2.6419583333333314,0
"ObjectId(""683570859da2c206d6b386a8"")",1,"2025-06-21T00:00:00","pause_duration",2.6419583333333314,0
"ObjectId(""683570859da2c206d6b386a9"")",1,"2025-06-22T00:00:00","pause_duration",2.6419583333333314,0
"ObjectId(""683570859da2c206d6b386aa"")",1,"2025-05-27T00:00:00","psd-4",4.671750086041963e-7,0
"ObjectId(""683570859da2c206d6b386ab"")",1,"2025-05-28T00:00:00","psd-4",4.683207748712448e-7,1.0311896403436538e-8
"ObjectId(""683570859da2c206d6b386ac"")",1,"2025-05-29T00:00:00","psd-4",5.607331055064909e-7,8.317109757172147e-7
"ObjectId(""683570859da2c206d6b386ad"")",1,"2025-05-30T00:00:00","psd-4",5.783009177851757e-7,1.581103105081639e-7
"ObjectId(""683570859da2c206d6b386ae"")",1,"2025-05-31T00:00:00","psd-4",5.529575163222943e-7,2.2809061316593209e-7
"ObjectId(""683570859da2c206d6b386af"")",1,"2025-06-01T00:00:00","psd-4",7.106159700708758e-7,0.000001418926083737233
"ObjectId(""683570859da2c206d6b386b0"")",1,"2025-06-02T00:00:00","psd-4",6.936234692863082e-7,1.5293250706110943e-7
"ObjectId(""683570859da2c206d6b386b1"")",1,"2025-06-04T00:00:00","psd-4",6.809778827125797e-7,1.1381027916355612e-7
"ObjectId(""683570859da2c206d6b386b2"")",1,"2025-06-05T00:00:00","psd-4",7.530216584540112e-7,6.483939816728833e-7
"ObjectId(""683570859da2c206d6b386b3"")",1,"2025-06-06T00:00:00","psd-4",9.426987162383899e-7,0.000001707093520059409
"ObjectId(""683570859da2c206d6b386b4"")",1,"2025-06-07T00:00:00","psd-4",0.0000010074943634156224,5.831608245950921e-7
"ObjectId(""683570859da2c206d6b386b5"")",1,"2025-06-08T00:00:00","psd-4",9.775348560149999e-7,2.696355666056027e-7
"ObjectId(""683570859da2c206d6b386b6"")",1,"2025-06-09T00:00:00","psd-4",9.91134922215085e-7,1.2240059580076634e-7
"ObjectId(""683570859da2c206d6b386b7"")",1,"2025-06-10T00:00:00","psd-4",0.0000010762547249244675,7.660782243844439e-7
"ObjectId(""683570859da2c206d6b386b8"")",1,"2025-06-11T00:00:00","psd-4",0.0000011035614430083853,2.4576046275525987e-7
"ObjectId(""683570859da2c206d6b386b9"")",1,"2025-06-13T00:00:00","psd-4",0.00000133420877518591,0.0000020758259895977213
"ObjectId(""683570859da2c206d6b386ba"")",1,"2025-06-15T00:00:00","psd-4",0.0000014659528931690586,0.0000011856970618483367
"ObjectId(""683570859da2c206d6b386bb"")",1,"2025-06-16T00:00:00","psd-4",0.0000015231048408896854,5.143675294856408e-7
"ObjectId(""683570859da2c206d6b386bc"")",1,"2025-06-17T00:00:00","psd-4",0.0000015291872227942602,5.474143714117323e-8
"ObjectId(""683570859da2c206d6b386bd"")",1,"2025-06-18T00:00:00","psd-4",0.0000015608004450840782,2.8451900060836117e-7
"ObjectId(""683570859da2c206d6b386be"")",1,"2025-06-19T00:00:00","psd-4",0.0000015637322023459184,2.6385815356561457e-8
"ObjectId(""683570859da2c206d6b386bf"")",1,"2025-06-20T00:00:00","psd-4",0.0000016122675965135074,4.3681854750830176e-7
"ObjectId(""683570859da2c206d6b386c0"")",1,"2025-06-21T00:00:00","psd-4",0.0000015804847422936526,2.8604568797869355e-7
"ObjectId(""683570859da2c206d6b386c1"")",1,"2025-06-22T00:00:00","psd-4",0.0000015363288694882764,3.9740285524838636e-7
"ObjectId(""683570859da2c206d6b386c2"")",1,"2025-05-27T00:00:00","psd-5",2.640148437649259e-7,0
"ObjectId(""683570859da2c206d6b386c3"")",1,"2025-05-28T00:00:00","psd-5",2.47317292689786e-7,1.5027795967625935e-7
"ObjectId(""683570859da2c206d6b386c4"")",1,"2025-05-29T00:00:00","psd-5",2.9958566618878046e-7,4.704153614909501e-7
"ObjectId(""683570859da2c206d6b386c5"")",1,"2025-05-30T00:00:00","psd-5",2.889314952814933e-7,9.588753816558439e-8
"ObjectId(""683570859da2c206d6b386c6"")",1,"2025-05-31T00:00:00","psd-5",2.816130081654933e-7,6.586638404399993e-8
"ObjectId(""683570859da2c206d6b386c7"")",1,"2025-06-01T00:00:00","psd-5",3.7930773481534175e-7,8.792525398486362e-7
"ObjectId(""683570859da2c206d6b386c8"")",1,"2025-06-02T00:00:00","psd-5",3.7310976012246044e-7,5.578177223593172e-8
"ObjectId(""683570859da2c206d6b386c9"")",1,"2025-06-04T00:00:00","psd-5",3.8629779672621535e-7,1.1869232943379447e-7
"ObjectId(""683570859da2c206d6b386ca"")",1,"2025-06-05T00:00:00","psd-5",4.11377004413302e-7,2.2571286918377969e-7
"ObjectId(""683570859da2c206d6b386cb"")",1,"2025-06-06T00:00:00","psd-5",4.694016761521889e-7,5.222220456499817e-7
"ObjectId(""683570859da2c206d6b386cc"")",1,"2025-06-07T00:00:00","psd-5",4.99815806437426e-7,2.73727172567134e-7
"ObjectId(""683570859da2c206d6b386cd"")",1,"2025-06-08T00:00:00","psd-5",4.857525248842372e-7,1.2656953397869946e-7
"ObjectId(""683570859da2c206d6b386ce"")",1,"2025-06-09T00:00:00","psd-5",4.865103511734492e-7,6.820436602908944e-9
"ObjectId(""683570859da2c206d6b386cf"")",1,"2025-06-10T00:00:00","psd-5",5.697535214801367e-7,7.491885327601874e-7
"ObjectId(""683570859da2c206d6b386d0"")",1,"2025-06-11T00:00:00","psd-5",6.049650269463746e-7,3.169035491961404e-7
"ObjectId(""683570859da2c206d6b386d1"")",1,"2025-06-13T00:00:00","psd-5",6.534663426671832e-7,4.3651184148727766e-7
"ObjectId(""683570859da2c206d6b386d2"")",1,"2025-06-15T00:00:00","psd-5",7.084225312743986e-7,4.946056974649386e-7
"ObjectId(""683570859da2c206d6b386d3"")",1,"2025-06-16T00:00:00","psd-5",6.735963223384146e-7,3.134358804238559e-7
"ObjectId(""683570859da2c206d6b386d4"")",1,"2025-06-17T00:00:00","psd-5",7.046227460290663e-7,2.7923781321586493e-7
"ObjectId(""683570859da2c206d6b386d5"")",1,"2025-06-18T00:00:00","psd-5",8.057401143641731e-7,9.100563150159611e-7
"ObjectId(""683570859da2c206d6b386d6"")",1,"2025-06-19T00:00:00","psd-5",8.061477584424894e-7,3.6687967048463496e-9
"ObjectId(""683570859da2c206d6b386d7"")",1,"2025-06-20T00:00:00","psd-5",7.992291431204961e-7,6.226753789793995e-8
"ObjectId(""683570859da2c206d6b386d8"")",1,"2025-06-21T00:00:00","psd-5",7.837112941485953e-7,1.3966064074710716e-7
"ObjectId(""683570859da2c206d6b386d9"")",1,"2025-06-22T00:00:00","psd-5",7.603159191714274e-7,2.105583747945109e-7
"ObjectId(""683570859da2c206d6b386da"")",1,"2025-05-27T00:00:00","psd-7",7.328429833345733e-8,0
"ObjectId(""683570859da2c206d6b386db"")",1,"2025-05-28T00:00:00","psd-7",7.473917928990659e-8,1.309392860804337e-8
"ObjectId(""683570859da2c206d6b386dc"")",1,"2025-05-29T00:00:00","psd-7",7.473193444814304e-8,6.520357587192203e-11
"ObjectId(""683570859da2c206d6b386dd"")",1,"2025-05-30T00:00:00","psd-7",7.122832826963095e-8,3.153245560660877e-8
"ObjectId(""683570859da2c206d6b386de"")",1,"2025-05-31T00:00:00","psd-7",6.550777888758574e-8,5.14849444384069e-8
"ObjectId(""683570859da2c206d6b386df"")",1,"2025-06-01T00:00:00","psd-7",6.87346989390214e-8,2.9042280462920896e-8
"ObjectId(""683570859da2c206d6b386e0"")",1,"2025-06-02T00:00:00","psd-7",6.735707886480037e-8,1.2398580667989389e-8
"ObjectId(""683570859da2c206d6b386e1"")",1,"2025-06-04T00:00:00","psd-7",6.380615390458911e-8,3.19583246419013e-8
"ObjectId(""683570859da2c206d6b386e2"")",1,"2025-06-05T00:00:00","psd-7",8.972276000395263e-8,2.332494548942717e-7
"ObjectId(""683570859da2c206d6b386e3"")",1,"2025-06-06T00:00:00","psd-7",1.1386687008139344e-7,2.1729699069696725e-7
"ObjectId(""683570859da2c206d6b386e4"")",1,"2025-06-07T00:00:00","psd-7",1.224575425732438e-7,7.73160524266531e-8
"ObjectId(""683570859da2c206d6b386e5"")",1,"2025-06-08T00:00:00","psd-7",1.622380798574709e-7,3.580248355580438e-7
"ObjectId(""683570859da2c206d6b386e6"")",1,"2025-06-09T00:00:00","psd-7",2.013617197410044e-7,3.521127589518015e-7
"ObjectId(""683570859da2c206d6b386e7"")",1,"2025-06-10T00:00:00","psd-7",2.081145227246323e-7,6.07752268526512e-8
"ObjectId(""683570859da2c206d6b386e8"")",1,"2025-06-11T00:00:00","psd-7",2.057992585000031e-7,2.083737802166272e-8
"ObjectId(""683570859da2c206d6b386e9"")",1,"2025-06-13T00:00:00","psd-7",1.94904825946277e-7,9.804989298353483e-8
"ObjectId(""683570859da2c206d6b386ea"")",1,"2025-06-15T00:00:00","psd-7",1.8579395897790778e-7,8.199780271532298e-8
"ObjectId(""683570859da2c206d6b386eb"")",1,"2025-06-16T00:00:00","psd-7",1.6984643948581795e-7,1.4352767542880844e-7
"ObjectId(""683570859da2c206d6b386ec"")",1,"2025-06-17T00:00:00","psd-7",1.549995526789135e-7,1.3362198126214014e-7
"ObjectId(""683570859da2c206d6b386ed"")",1,"2025-06-18T00:00:00","psd-7",1.5742365751383625e-7,2.1816943514304848e-8
"ObjectId(""683570859da2c206d6b386ee"")",1,"2025-06-19T00:00:00","psd-7",1.5508231013152362e-7,2.10721264408136e-8
"ObjectId(""683570859da2c206d6b386ef"")",1,"2025-06-20T00:00:00","psd-7",1.5094619931205058e-7,3.72249973752574e-8
"ObjectId(""683570859da2c206d6b386f0"")",1,"2025-06-21T00:00:00","psd-7",1.4090744692768926e-7,9.034877145925197e-8
"ObjectId(""683570859da2c206d6b386f1"")",1,"2025-06-22T00:00:00","psd-7",1.3037386124671142e-7,9.480227112880042e-8
"ObjectId(""683570859da2c206d6b386f2"")",1,"2025-05-27T00:00:00","rate_of_speech",3.6666666666666665,0
"ObjectId(""683570859da2c206d6b386f3"")",1,"2025-05-28T00:00:00","rate_of_speech",3.7066666666666666,1.2933333333333334
"ObjectId(""683570859da2c206d6b386f4"")",1,"2025-05-29T00:00:00","rate_of_speech",3.7026666666666666,0.03600000000000003
"ObjectId(""683570859da2c206d6b386f5"")",1,"2025-05-30T00:00:00","rate_of_speech",3.6657333333333333,0.3323999999999998
"ObjectId(""683570859da2c206d6b386f6"")",1,"2025-05-31T00:00:00","rate_of_speech",3.69916,0.30084
"ObjectId(""683570859da2c206d6b386f7"")",1,"2025-06-01T00:00:00","rate_of_speech",3.679244,0.17924400000000018
"ObjectId(""683570859da2c206d6b386f8"")",1,"2025-06-02T00:00:00","rate_of_speech",3.7113196000000004,0.2886803999999996
"ObjectId(""683570859da2c206d6b386f9"")",1,"2025-06-04T00:00:00","rate_of_speech",3.7401876400000003,0.25981235999999974
"ObjectId(""683570859da2c206d6b386fa"")",1,"2025-06-05T00:00:00","rate_of_speech",3.732835542666667,0.06616887600000032
"ObjectId(""683570859da2c206d6b386fb"")",1,"2025-06-06T00:00:00","rate_of_speech",3.7595519884,0.24044801159999984
"ObjectId(""683570859da2c206d6b386fc"")",1,"2025-06-07T00:00:00","rate_of_speech",3.7835967895600002,0.21640321043999977
"ObjectId(""683570859da2c206d6b386fd"")",1,"2025-06-08T00:00:00","rate_of_speech",3.705237110604,0.7052371106040001
"ObjectId(""683570859da2c206d6b386fe"")",1,"2025-06-09T00:00:00","rate_of_speech",3.7347133995436,0.26528660045639985
"ObjectId(""683570859da2c206d6b386ff"")",1,"2025-06-10T00:00:00","rate_of_speech",3.71124205958924,0.21124205958924014
"ObjectId(""683570859da2c206d6b38700"")",1,"2025-06-11T00:00:00","rate_of_speech",3.6401178536303163,0.6401178536303163
"ObjectId(""683570859da2c206d6b38701"")",1,"2025-06-13T00:00:00","rate_of_speech",3.6761060682672846,0.3238939317327154
"ObjectId(""683570859da2c206d6b38702"")",1,"2025-06-15T00:00:00","rate_of_speech",3.708495461440556,0.2915045385594439
"ObjectId(""683570859da2c206d6b38703"")",1,"2025-06-16T00:00:00","rate_of_speech",3.6376459152965004,0.6376459152965004
"ObjectId(""683570859da2c206d6b38704"")",1,"2025-06-17T00:00:00","rate_of_speech",3.6738813237668504,0.3261186762331496
"ObjectId(""683570859da2c206d6b38705"")",1,"2025-06-18T00:00:00","rate_of_speech",3.6564931913901653,0.15649319139016526
"ObjectId(""683570859da2c206d6b38706"")",1,"2025-06-19T00:00:00","rate_of_speech",3.6908438722511487,0.30915612774885126
"ObjectId(""683570859da2c206d6b38707"")",1,"2025-06-20T00:00:00","rate_of_speech",3.7550928183593673,0.5782405149739658
"ObjectId(""683570859da2c206d6b38708"")",1,"2025-06-21T00:00:00","rate_of_speech",3.7795835365234307,0.2204164634765693
"ObjectId(""683570859da2c206d6b38709"")",1,"2025-06-22T00:00:00","rate_of_speech",3.734958516204421,0.4016251828710877
"ObjectId(""683570859da2c206d6b3870a"")",1,"2025-05-27T00:00:00","rms_energy_range",0.14418773353099823,0
"ObjectId(""683570859da2c206d6b3870b"")",1,"2025-05-28T00:00:00","rms_energy_range",0.14992131739854814,0.051602254807949055
"ObjectId(""683570859da2c206d6b3870c"")",1,"2025-05-29T00:00:00","rms_energy_range",0.16371391569574675,0.12413338467478749
"ObjectId(""683570859da2c206d6b3870d"")",1,"2025-05-30T00:00:00","rms_energy_range",0.17730478067696095,0.12231778483092784
"ObjectId(""683570859da2c206d6b3870e"")",1,"2025-05-31T00:00:00","rms_energy_range",0.1737293105080724,0.03217923151999713
"ObjectId(""683570859da2c206d6b3870f"")",1,"2025-06-01T00:00:00","rms_energy_range",0.19230271286562087,0.16716062121793626
"ObjectId(""683570859da2c206d6b38710"")",1,"2025-06-02T00:00:00","rms_energy_range",0.19159754729385675,0.006346490145877015
"ObjectId(""683570859da2c206d6b38711"")",1,"2025-06-04T00:00:00","rms_energy_range",0.20210929914816173,0.09460576668874471
"ObjectId(""683570859da2c206d6b38712"")",1,"2025-06-05T00:00:00","rms_energy_range",0.21623591268115794,0.12713952179696603
"ObjectId(""683570859da2c206d6b38713"")",1,"2025-06-06T00:00:00","rms_energy_range",0.2284065844182988,0.10953604563426772
"ObjectId(""683570859da2c206d6b38714"")",1,"2025-06-07T00:00:00","rms_energy_range",0.23679326131029307,0.0754800920279485
"ObjectId(""683570859da2c206d6b38715"")",1,"2025-06-08T00:00:00","rms_energy_range",0.24782582659199875,0.0992930875353511
"ObjectId(""683570859da2c206d6b38716"")",1,"2025-06-09T00:00:00","rms_energy_range",0.2728241581202302,0.22498498375408316
"ObjectId(""683570859da2c206d6b38717"")",1,"2025-06-10T00:00:00","rms_energy_range",0.27641084776646674,0.03228020681612909
"ObjectId(""683570859da2c206d6b38718"")",1,"2025-06-11T00:00:00","rms_energy_range",0.27112519952350955,0.04757083418661456
"ObjectId(""683570859da2c206d6b38719"")",1,"2025-06-13T00:00:00","rms_energy_range",0.2706847843172619,0.003963736856229028
"ObjectId(""683570859da2c206d6b3871a"")",1,"2025-06-15T00:00:00","rms_energy_range",0.27013442426703593,0.004953240452033492
"ObjectId(""683570859da2c206d6b3871b"")",1,"2025-06-16T00:00:00","rms_energy_range",0.2700787306706508,0.0005012423674662925
"ObjectId(""683570859da2c206d6b3871c"")",1,"2025-06-17T00:00:00","rms_energy_range",0.2665407571983695,0.031841761250531675
"ObjectId(""683570859da2c206d6b3871d"")",1,"2025-06-18T00:00:00","rms_energy_range",0.2671267246120298,0.005273706722942584
"ObjectId(""683570859da2c206d6b3871e"")",1,"2025-06-19T00:00:00","rms_energy_range",0.26903049741405366,0.01713395521821459
"ObjectId(""683570859da2c206d6b3871f"")",1,"2025-06-20T00:00:00","rms_energy_range",0.27355320339199213,0.0407043538014461
"ObjectId(""683570859da2c206d6b38720"")",1,"2025-06-21T00:00:00","rms_energy_range",0.2711051625640857,0.022032367451157914
"ObjectId(""683570859da2c206d6b38721"")",1,"2025-06-22T00:00:00","rms_energy_range",0.2704984292754035,0.005460599598139604
"ObjectId(""683570859da2c206d6b38722"")",1,"2025-05-27T00:00:00","rms_energy_std",0.03150085546076298,0
"ObjectId(""683570859da2c206d6b38723"")",1,"2025-05-28T00:00:00","rms_energy_std",0.031878442503511906,0.0033982833847403526
"ObjectId(""683570859da2c206d6b38724"")",1,"2025-05-29T00:00:00","rms_energy_std",0.03442824132119616,0.02294818935915828
"ObjectId(""683570859da2c206d6b38725"")",1,"2025-05-30T00:00:00","rms_energy_std",0.035898707654948035,0.013234197003766893
"ObjectId(""683570859da2c206d6b38726"")",1,"2025-05-31T00:00:00","rms_energy_std",0.03543551960308105,0.004168692466802897
"ObjectId(""683570859da2c206d6b38727"")",1,"2025-06-01T00:00:00","rms_energy_std",0.038716472599375995,0.029528576966654507
"ObjectId(""683570859da2c206d6b38728"")",1,"2025-06-02T00:00:00","rms_energy_std",0.038700048175575215,0.00014781981420703555
"ObjectId(""683570859da2c206d6b38729"")",1,"2025-06-04T00:00:00","rms_energy_std",0.040197010603954086,0.013472661855409851
"ObjectId(""683570859da2c206d6b3872a"")",1,"2025-06-05T00:00:00","rms_energy_std",0.043319922254153806,0.028106204851797503
"ObjectId(""683570859da2c206d6b3872b"")",1,"2025-06-06T00:00:00","rms_energy_std",0.047085483281912255,0.033890049249826026
"ObjectId(""683570859da2c206d6b3872c"")",1,"2025-06-07T00:00:00","rms_energy_std",0.04935475292870568,0.020423426821140782
"ObjectId(""683570859da2c206d6b3872d"")",1,"2025-06-08T00:00:00","rms_energy_std",0.05110587197306007,0.015760071399189536
"ObjectId(""683570859da2c206d6b3872e"")",1,"2025-06-09T00:00:00","rms_energy_std",0.05310798973824605,0.018019059886673842
"ObjectId(""683570859da2c206d6b3872f"")",1,"2025-06-10T00:00:00","rms_energy_std",0.053914234222346764,0.007256200356906432
"ObjectId(""683570859da2c206d6b38730"")",1,"2025-06-11T00:00:00","rms_energy_std",0.05326082704041084,0.005880664637423358
"ObjectId(""683570859da2c206d6b38731"")",1,"2025-06-13T00:00:00","rms_energy_std",0.05403833651608539,0.006997585281070945
"ObjectId(""683570859da2c206d6b38732"")",1,"2025-06-15T00:00:00","rms_energy_std",0.05477279792387964,0.006610152670148202
"ObjectId(""683570859da2c206d6b38733"")",1,"2025-06-16T00:00:00","rms_energy_std",0.05476827319109155,0.00004072259509278753
"ObjectId(""683570859da2c206d6b38734"")",1,"2025-06-17T00:00:00","rms_energy_std",0.054243058399154165,0.00472693312743646
"ObjectId(""683570859da2c206d6b38735"")",1,"2025-06-18T00:00:00","rms_energy_std",0.054563558677548245,0.0028845025055467335
"ObjectId(""683570859da2c206d6b38736"")",1,"2025-06-19T00:00:00","rms_energy_std",0.054042522407315836,0.004689326432091662
"ObjectId(""683570859da2c206d6b38737"")",1,"2025-06-20T00:00:00","rms_energy_std",0.0544398928603216,0.0035763340770518792
"ObjectId(""683570859da2c206d6b38738"")",1,"2025-06-21T00:00:00","rms_energy_std",0.0536393470494564,0.007204912297786838
"ObjectId(""683570859da2c206d6b38739"")",1,"2025-06-22T00:00:00","rms_energy_std",0.05285223794338644,0.007083981954629628
"ObjectId(""683570859da2c206d6b3873a"")",1,"2025-05-27T00:00:00","shimmer",0.15835821131865183,0
"ObjectId(""683570859da2c206d6b3873b"")",1,"2025-05-28T00:00:00","shimmer",0.16230668872594833,0.03553629666566849
"ObjectId(""683570859da2c206d6b3873c"")",1,"2025-05-29T00:00:00","shimmer",0.16267029121518134,0.003272422403097164
"ObjectId(""683570859da2c206d6b3873d"")",1,"2025-05-30T00:00:00","shimmer",0.16310076224307218,0.0038742392510175694
"ObjectId(""683570859da2c206d6b3873e"")",1,"2025-05-31T00:00:00","shimmer",0.16444428838044403,0.01209173523634674
"ObjectId(""683570859da2c206d6b3873f"")",1,"2025-06-01T00:00:00","shimmer",0.16362427914217112,0.007380083144456123
"ObjectId(""683570859da2c206d6b38740"")",1,"2025-06-02T00:00:00","shimmer",0.16407511750526724,0.004057545267865087
"ObjectId(""683570859da2c206d6b38741"")",1,"2025-06-04T00:00:00","shimmer",0.16584820407331732,0.015957779112450804
"ObjectId(""683570859da2c206d6b38742"")",1,"2025-06-05T00:00:00","shimmer",0.16469880612622373,0.01034458152384235
"ObjectId(""683570859da2c206d6b38743"")",1,"2025-06-06T00:00:00","shimmer",0.16644034315881734,0.015673833293342543
"ObjectId(""683570859da2c206d6b38744"")",1,"2025-06-07T00:00:00","shimmer",0.16804921281103138,0.01447982686992641
"ObjectId(""683570859da2c206d6b38745"")",1,"2025-06-08T00:00:00","shimmer",0.16598096327570538,0.018614245817934083
"ObjectId(""683570859da2c206d6b38746"")",1,"2025-06-09T00:00:00","shimmer",0.16483425202894922,0.010320401220805603
"ObjectId(""683570859da2c206d6b38747"")",1,"2025-06-10T00:00:00","shimmer",0.16465472447510404,0.0016157479846064526
"ObjectId(""683570859da2c206d6b38748"")",1,"2025-06-11T00:00:00","shimmer",0.1640180954423771,0.005729661294542332
"ObjectId(""683570859da2c206d6b38749"")",1,"2025-06-13T00:00:00","shimmer",0.16271018914168112,0.011771156706263941
"ObjectId(""683570859da2c206d6b3874a"")",1,"2025-06-15T00:00:00","shimmer",0.16412272491660246,0.012712821974292104
"ObjectId(""683570859da2c206d6b3874b"")",1,"2025-06-16T00:00:00","shimmer",0.1647651614720213,0.005781928998769559
"ObjectId(""683570859da2c206d6b3874c"")",1,"2025-06-17T00:00:00","shimmer",0.16358045287699788,0.010662377355210861
"ObjectId(""683570859da2c206d6b3874d"")",1,"2025-06-18T00:00:00","shimmer",0.16190275033805926,0.015099322850447489
"ObjectId(""683570859da2c206d6b3874e"")",1,"2025-06-19T00:00:00","shimmer",0.1617824890459055,0.0010823516293838042
"ObjectId(""683570859da2c206d6b3874f"")",1,"2025-06-20T00:00:00","shimmer",0.16254868233402836,0.006895739593105826
"ObjectId(""683570859da2c206d6b38750"")",1,"2025-06-21T00:00:00","shimmer",0.16291762204746646,0.0033204574209427518
"ObjectId(""683570859da2c206d6b38751"")",1,"2025-06-22T00:00:00","shimmer",0.1641201881627462,0.010823095037517771
"ObjectId(""683570859da2c206d6b38752"")",1,"2025-05-27T00:00:00","snr",4.458591302235921,0
"ObjectId(""683570859da2c206d6b38753"")",1,"2025-05-28T00:00:00","snr",4.4273090839385985,0.28153996467590314
"ObjectId(""683570859da2c206d6b38754"")",1,"2025-05-29T00:00:00","snr",4.4879715553919475,0.5459622430801394
"ObjectId(""683570859da2c206d6b38755"")",1,"2025-05-30T00:00:00","snr",4.56043542432785,0.6521748204231264
"ObjectId(""683570859da2c206d6b38756"")",1,"2025-05-31T00:00:00","snr",4.564656326246261,0.037988117265701504
"ObjectId(""683570859da2c206d6b38757"")",1,"2025-06-01T00:00:00","snr",4.643154945139885,0.7064875700426105
"ObjectId(""683570859da2c206d6b38758"")",1,"2025-06-02T00:00:00","snr",4.621009879855633,0.19930558755826944
"ObjectId(""683570859da2c206d6b38759"")",1,"2025-06-04T00:00:00","snr",4.689899325563002,0.6200050113663194
"ObjectId(""683570859da2c206d6b3875a"")",1,"2025-06-05T00:00:00","snr",4.7574027897657345,0.6075311778245975
"ObjectId(""683570859da2c206d6b3875b"")",1,"2025-06-06T00:00:00","snr",4.8321984280712655,0.6731607447497794
"ObjectId(""683570859da2c206d6b3875c"")",1,"2025-06-07T00:00:00","snr",4.883796519300394,0.4643828210621548
"ObjectId(""683570859da2c206d6b3875d"")",1,"2025-06-08T00:00:00","snr",4.913998162383782,0.27181478775049506
"ObjectId(""683570859da2c206d6b3875e"")",1,"2025-06-09T00:00:00","snr",4.88471415844704,0.26355603543068273
"ObjectId(""683570859da2c206d6b3875f"")",1,"2025-06-10T00:00:00","snr",4.839631633822429,0.40574272162150127
"ObjectId(""683570859da2c206d6b38760"")",1,"2025-06-11T00:00:00","snr",4.862532755909241,0.20611009878131092
"ObjectId(""683570859da2c206d6b38761"")",1,"2025-06-13T00:00:00","snr",4.832412059168109,0.2710862706701844
"ObjectId(""683570859da2c206d6b38762"")",1,"2025-06-15T00:00:00","snr",4.8718278979798955,0.3547425493060743
"ObjectId(""683570859da2c206d6b38763"")",1,"2025-06-16T00:00:00","snr",4.962368205983115,0.8148627720289703
"ObjectId(""683570859da2c206d6b38764"")",1,"2025-06-17T00:00:00","snr",4.9678951901384245,0.049742857397789386
"ObjectId(""683570859da2c206d6b38765"")",1,"2025-06-18T00:00:00","snr",4.884873426156168,0.747195875840311
"ObjectId(""683570859da2c206d6b38766"")",1,"2025-06-19T00:00:00","snr",4.838887787438663,0.41387074845754324
"ObjectId(""683570859da2c206d6b38767"")",1,"2025-06-20T00:00:00","snr",4.823489180127292,0.13858746580234094
"ObjectId(""683570859da2c206d6b38768"")",1,"2025-06-21T00:00:00","snr",4.818208193607687,0.04752887867645317
"ObjectId(""683570859da2c206d6b38769"")",1,"2025-06-22T00:00:00","snr",4.796851740523977,0.19220807775338766
"ObjectId(""683570859da2c206d6b3876a"")",1,"2025-05-27T00:00:00","spectral_flatness",0.01348612488557895,0
"ObjectId(""683570859da2c206d6b3876b"")",1,"2025-05-28T00:00:00","spectral_flatness",0.013954863976687194,0.004218651819974183
"ObjectId(""683570859da2c206d6b3876c"")",1,"2025-05-29T00:00:00","spectral_flatness",0.014486815398558976,0.0047875627968460305
"ObjectId(""683570859da2c206d6b3876d"")",1,"2025-05-30T00:00:00","spectral_flatness",0.016286768420599403,0.01619957719836384
"ObjectId(""683570859da2c206d6b3876e"")",1,"2025-05-31T00:00:00","spectral_flatness",0.016077045433130117,0.001887506887223573
"ObjectId(""683570859da2c206d6b3876f"")",1,"2025-06-01T00:00:00","spectral_flatness",0.016712131471475586,0.00571577434510924
"ObjectId(""683570859da2c206d6b38770"")",1,"2025-06-02T00:00:00","spectral_flatness",0.016483340669608673,0.0020591172168022004
"ObjectId(""683570859da2c206d6b38771"")",1,"2025-06-04T00:00:00","spectral_flatness",0.016532364626023078,0.0004412156077296496
"ObjectId(""683570859da2c206d6b38772"")",1,"2025-06-05T00:00:00","spectral_flatness",0.01681087465372047,0.002506590249276547
"ObjectId(""683570859da2c206d6b38773"")",1,"2025-06-06T00:00:00","spectral_flatness",0.017550026245740306,0.006652364328178513
"ObjectId(""683570859da2c206d6b38774"")",1,"2025-06-07T00:00:00","spectral_flatness",0.018063555446559715,0.004621762807374669
"ObjectId(""683570859da2c206d6b38775"")",1,"2025-06-08T00:00:00","spectral_flatness",0.018389692786897296,0.002935236063038235
"ObjectId(""683570859da2c206d6b38776"")",1,"2025-06-09T00:00:00","spectral_flatness",0.01897412617525316,0.0052599004952027725
"ObjectId(""683570859da2c206d6b38777"")",1,"2025-06-10T00:00:00","spectral_flatness",0.018920864503272086,0.00047935504782965765
"ObjectId(""683570859da2c206d6b38778"")",1,"2025-06-11T00:00:00","spectral_flatness",0.018999953621123174,0.0007118020606597872
"ObjectId(""683570859da2c206d6b38779"")",1,"2025-06-13T00:00:00","spectral_flatness",0.018970686682829804,0.00026340244464034476
"ObjectId(""683570859da2c206d6b3877a"")",1,"2025-06-15T00:00:00","spectral_flatness",0.01953508911271154,0.005079621868935635
"ObjectId(""683570859da2c206d6b3877b"")",1,"2025-06-16T00:00:00","spectral_flatness",0.01940209268992477,0.001196967805080943
"ObjectId(""683570859da2c206d6b3877c"")",1,"2025-06-17T00:00:00","spectral_flatness",0.019552834289956092,0.001356674400281907
"ObjectId(""683570859da2c206d6b3877d"")",1,"2025-06-18T00:00:00","spectral_flatness",0.019321928601135015,0.002078151199389696
"ObjectId(""683570859da2c206d6b3877e"")",1,"2025-06-19T00:00:00","spectral_flatness",0.01952044936528035,0.00178668687730801
"ObjectId(""683570859da2c206d6b3877f"")",1,"2025-06-20T00:00:00","spectral_flatness",0.019026391999266597,0.00444651629412378
"ObjectId(""683570859da2c206d6b38780"")",1,"2025-06-21T00:00:00","spectral_flatness",0.019226308754789676,0.0017992507997077259
"ObjectId(""683570859da2c206d6b38781"")",1,"2025-06-22T00:00:00","spectral_flatness",0.019784819627838394,0.005026597857438465
"ObjectId(""683570859da2c206d6b38782"")",1,"2025-05-27T00:00:00","spectral_modulation",380.67357381184894,0
"ObjectId(""683570859da2c206d6b38783"")",1,"2025-05-28T00:00:00","spectral_modulation",380.02461812337236,20.98290059407549
"ObjectId(""683570859da2c206d6b38784"")",1,"2025-05-29T00:00:00","spectral_modulation",380.6065910664876,18.817125160725936
"ObjectId(""683570859da2c206d6b38785"")",1,"2025-05-30T00:00:00","spectral_modulation",379.42050820265706,38.35001259718831
"ObjectId(""683570859da2c206d6b38786"")",1,"2025-05-31T00:00:00","spectral_modulation",381.34703571780784,62.29105632320778
"ObjectId(""683570859da2c206d6b38787"")",1,"2025-06-01T00:00:00","spectral_modulation",380.40924122342204,30.322021985140793
"ObjectId(""683570859da2c206d6b38788"")",1,"2025-06-02T00:00:00","spectral_modulation",379.9229844945319,15.722300900781875
"ObjectId(""683570859da2c206d6b38789"")",1,"2025-06-04T00:00:00","spectral_modulation",379.3357141186315,18.98840882077991
"ObjectId(""683570859da2c206d6b3878a"")",1,"2025-06-05T00:00:00","spectral_modulation",377.4142758127483,62.126505223555625
"ObjectId(""683570859da2c206d6b3878b"")",1,"2025-06-06T00:00:00","spectral_modulation",375.27460968436196,69.18253815115884
"ObjectId(""683570859da2c206d6b3878c"")",1,"2025-06-07T00:00:00","spectral_modulation",373.4487520701006,59.03606286111625
"ObjectId(""683570859da2c206d6b3878d"")",1,"2025-06-08T00:00:00","spectral_modulation",373.73306019891555,9.192629498350072
"ObjectId(""683570859da2c206d6b3878e"")",1,"2025-06-09T00:00:00","spectral_modulation",373.8878265106239,5.004110745235494
"ObjectId(""683570859da2c206d6b3878f"")",1,"2025-06-10T00:00:00","spectral_modulation",373.7803707924536,3.4744015541723456
"ObjectId(""683570859da2c206d6b38790"")",1,"2025-06-11T00:00:00","spectral_modulation",374.698416120096,29.68346559377119
"ObjectId(""683570859da2c206d6b38791"")",1,"2025-06-13T00:00:00","spectral_modulation",376.15695353517475,47.15937642087994
"ObjectId(""683570859da2c206d6b38792"")",1,"2025-06-15T00:00:00","spectral_modulation",375.4760465038265,22.01599401359215
"ObjectId(""683570859da2c206d6b38793"")",1,"2025-06-16T00:00:00","spectral_modulation",375.9281979090047,14.619562100760902
"ObjectId(""683570859da2c206d6b38794"")",1,"2025-06-17T00:00:00","spectral_modulation",375.03755473052365,28.797462770888217
"ObjectId(""683570859da2c206d6b38795"")",1,"2025-06-18T00:00:00","spectral_modulation",376.0458606142427,32.601890240249475
"ObjectId(""683570859da2c206d6b38796"")",1,"2025-06-19T00:00:00","spectral_modulation",375.39274834562013,21.117296685463884
"ObjectId(""683570859da2c206d6b38797"")",1,"2025-06-20T00:00:00","spectral_modulation",374.4093011613648,31.79812562425542
"ObjectId(""683570859da2c206d6b38798"")",1,"2025-06-21T00:00:00","spectral_modulation",373.8776739819926,17.1892787997009
"ObjectId(""683570859da2c206d6b38799"")",1,"2025-06-22T00:00:00","spectral_modulation",373.1006906863609,25.12245989209009
"ObjectId(""683570859da2c206d6b3879a"")",1,"2025-05-27T00:00:00","t13",0,0
"ObjectId(""683570859da2c206d6b3879b"")",1,"2025-05-28T00:00:00","t13",0,0
"ObjectId(""683570859da2c206d6b3879c"")",1,"2025-05-29T00:00:00","t13",0,0
"ObjectId(""683570859da2c206d6b3879d"")",1,"2025-05-30T00:00:00","t13",0,0
"ObjectId(""683570859da2c206d6b3879e"")",1,"2025-05-31T00:00:00","t13",0,0
"ObjectId(""683570859da2c206d6b3879f"")",1,"2025-06-01T00:00:00","t13",0,0
"ObjectId(""683570859da2c206d6b387a0"")",1,"2025-06-02T00:00:00","t13",0,0
"ObjectId(""683570859da2c206d6b387a1"")",1,"2025-06-04T00:00:00","t13",0,0
"ObjectId(""683570859da2c206d6b387a2"")",1,"2025-06-05T00:00:00","t13",0,0
"ObjectId(""683570859da2c206d6b387a3"")",1,"2025-06-06T00:00:00","t13",0,0
"ObjectId(""683570859da2c206d6b387a4"")",1,"2025-06-07T00:00:00","t13",0,0
"ObjectId(""683570859da2c206d6b387a5"")",1,"2025-06-08T00:00:00","t13",0,0
"ObjectId(""683570859da2c206d6b387a6"")",1,"2025-06-09T00:00:00","t13",0,0
"ObjectId(""683570859da2c206d6b387a7"")",1,"2025-06-10T00:00:00","t13",0,0
"ObjectId(""683570859da2c206d6b387a8"")",1,"2025-06-11T00:00:00","t13",0,0
"ObjectId(""683570859da2c206d6b387a9"")",1,"2025-06-13T00:00:00","t13",0,0
"ObjectId(""683570859da2c206d6b387aa"")",1,"2025-06-15T00:00:00","t13",0,0
"ObjectId(""683570859da2c206d6b387ab"")",1,"2025-06-16T00:00:00","t13",0,0
"ObjectId(""683570859da2c206d6b387ac"")",1,"2025-06-17T00:00:00","t13",0,0
"ObjectId(""683570859da2c206d6b387ad"")",1,"2025-06-18T00:00:00","t13",0,0
"ObjectId(""683570859da2c206d6b387ae"")",1,"2025-06-19T00:00:00","t13",0,0
"ObjectId(""683570859da2c206d6b387af"")",1,"2025-06-20T00:00:00","t13",0,0
"ObjectId(""683570859da2c206d6b387b0"")",1,"2025-06-21T00:00:00","t13",0,0
"ObjectId(""683570859da2c206d6b387b1"")",1,"2025-06-22T00:00:00","t13",0,0
"ObjectId(""683570859da2c206d6b387b2"")",1,"2025-05-27T00:00:00","temporal_modulation",41.99542568013061,0
"ObjectId(""683570859da2c206d6b387b3"")",1,"2025-05-28T00:00:00","temporal_modulation",41.88833692996914,3.462536255220762
"ObjectId(""683570859da2c206d6b387b4"")",1,"2025-05-29T00:00:00","temporal_modulation",42.0732150071883,5.9777244967527565
"ObjectId(""683570859da2c206d6b387b5"")",1,"2025-05-30T00:00:00","temporal_modulation",42.170739103822115,3.1532791244933307
"ObjectId(""683570859da2c206d6b387b6"")",1,"2025-05-31T00:00:00","temporal_modulation",42.26780305585931,0.8735755683347648
"ObjectId(""683570859da2c206d6b387b7"")",1,"2025-06-01T00:00:00","temporal_modulation",42.766690199900744,16.13068432400643
"ObjectId(""683570859da2c206d6b387b8"")",1,"2025-06-02T00:00:00","temporal_modulation",42.84837991944301,2.641300931866688
"ObjectId(""683570859da2c206d6b387b9"")",1,"2025-06-04T00:00:00","temporal_modulation",43.04703310251263,6.423119585917611
"ObjectId(""683570859da2c206d6b387ba"")",1,"2025-06-05T00:00:00","temporal_modulation",43.26634634824456,7.091128278665757
"ObjectId(""683570859da2c206d6b387bb"")",1,"2025-06-06T00:00:00","temporal_modulation",43.53530869391614,8.696449176714431
"ObjectId(""683570859da2c206d6b387bc"")",1,"2025-06-07T00:00:00","temporal_modulation",43.743293518704434,6.724842668154729
"ObjectId(""683570859da2c206d6b387bd"")",1,"2025-06-08T00:00:00","temporal_modulation",43.82128739931055,2.5218021395978454
"ObjectId(""683570859da2c206d6b387be"")",1,"2025-06-09T00:00:00","temporal_modulation",43.86816706370121,0.4219169795158919
"ObjectId(""683570859da2c206d6b387bf"")",1,"2025-06-10T00:00:00","temporal_modulation",44.08129923961184,6.89127368777703
"ObjectId(""683570859da2c206d6b387c0"")",1,"2025-06-11T00:00:00","temporal_modulation",44.08398101684912,0.0241359951355804
"ObjectId(""683570859da2c206d6b387c1"")",1,"2025-06-13T00:00:00","temporal_modulation",44.20796746507309,4.008895159241632
"ObjectId(""683570859da2c206d6b387c2"")",1,"2025-06-15T00:00:00","temporal_modulation",44.2813165774683,2.371621300778621
"ObjectId(""683570859da2c206d6b387c3"")",1,"2025-06-16T00:00:00","temporal_modulation",44.23137333791524,0.4494891559776022
"ObjectId(""683570859da2c206d6b387c4"")",1,"2025-06-17T00:00:00","temporal_modulation",44.08140748974685,4.848895757444353
"ObjectId(""683570859da2c206d6b387c5"")",1,"2025-06-18T00:00:00","temporal_modulation",43.8983095094824,5.920168028550563
"ObjectId(""683570859da2c206d6b387c6"")",1,"2025-06-19T00:00:00","temporal_modulation",43.9438540973101,1.4726083397621892
"ObjectId(""683570859da2c206d6b387c7"")",1,"2025-06-20T00:00:00","temporal_modulation",43.89863189644425,1.4621844946624094
"ObjectId(""683570859da2c206d6b387c8"")",1,"2025-06-21T00:00:00","temporal_modulation",43.97845364104793,0.7183957014331099
"ObjectId(""683570859da2c206d6b387c9"")",1,"2025-06-22T00:00:00","temporal_modulation",43.89585798970391,0.7433608620961039
"ObjectId(""683570859da2c206d6b387ca"")",1,"2025-05-27T00:00:00","voice_onset_time",6.741738884095252,0
"ObjectId(""683570859da2c206d6b387cb"")",1,"2025-05-28T00:00:00","voice_onset_time",6.800671335925452,1.905482609176472
"ObjectId(""683570859da2c206d6b387cc"")",1,"2025-05-29T00:00:00","voice_onset_time",6.657657973587288,4.624098715600644
"ObjectId(""683570859da2c206d6b387cd"")",1,"2025-05-30T00:00:00","voice_onset_time",6.716130321496874,0.5262511311862808
"ObjectId(""683570859da2c206d6b387ce"")",1,"2025-05-31T00:00:00","voice_onset_time",6.928238150538779,6.858153139021595
"ObjectId(""683570859da2c206d6b387cf"")",1,"2025-06-01T00:00:00","voice_onset_time",6.994558480508349,2.14435733568277
"ObjectId(""683570859da2c206d6b387d0"")",1,"2025-06-02T00:00:00","voice_onset_time",6.919310938246339,2.4330038664716707
"ObjectId(""683570859da2c206d6b387d1"")",1,"2025-06-04T00:00:00","voice_onset_time",7.073739383042388,4.993186381738911
"ObjectId(""683570859da2c206d6b387d2"")",1,"2025-06-05T00:00:00","voice_onset_time",7.725245671942629,21.06537000777446
"ObjectId(""683570859da2c206d6b387d3"")",1,"2025-06-06T00:00:00","voice_onset_time",8.340062435542427,19.87907535639348
"ObjectId(""683570859da2c206d6b387d4"")",1,"2025-06-07T00:00:00","voice_onset_time",8.442412512176245,3.309319144493477
"ObjectId(""683570859da2c206d6b387d5"")",1,"2025-06-08T00:00:00","voice_onset_time",9.877200995875356,46.39149430627121
"ObjectId(""683570859da2c206d6b387d6"")",1,"2025-06-09T00:00:00","voice_onset_time",9.808928947208415,2.2074629068977423
"ObjectId(""683570859da2c206d6b387d7"")",1,"2025-06-10T00:00:00","voice_onset_time",10.538900188874493,23.602403480536516
"ObjectId(""683570859da2c206d6b387d8"")",1,"2025-06-11T00:00:00","voice_onset_time",10.280835113112202,8.344104116314053
"ObjectId(""683570859da2c206d6b387d9"")",1,"2025-06-13T00:00:00","voice_onset_time",12.206347438132715,62.25823184232991
"ObjectId(""683570859da2c206d6b387da"")",1,"2025-06-15T00:00:00","voice_onset_time",11.972237196038702,7.5695644943730755
"ObjectId(""683570859da2c206d6b387db"")",1,"2025-06-16T00:00:00","voice_onset_time",12.143246226813533,5.529291995052853
"ObjectId(""683570859da2c206d6b387dc"")",1,"2025-06-17T00:00:00","voice_onset_time",9.879099104005782,73.20742363745062
"ObjectId(""683570859da2c206d6b387dd"")",1,"2025-06-18T00:00:00","voice_onset_time",9.7047110797387,5.638546117968937
"ObjectId(""683570859da2c206d6b387de"")",1,"2025-06-19T00:00:00","voice_onset_time",9.713317910301697,0.07746147506697021
"ObjectId(""683570859da2c206d6b387df"")",1,"2025-06-20T00:00:00","voice_onset_time",9.608924447689954,3.3753886244463347
"ObjectId(""683570859da2c206d6b387e0"")",1,"2025-06-21T00:00:00","voice_onset_time",8.903841536325249,22.79768080079215
"ObjectId(""683570859da2c206d6b387e1"")",1,"2025-06-22T00:00:00","voice_onset_time",8.499926783766664,13.05991033272758
"ObjectId(""683570859da2c206d6b387e2"")",1,"2025-05-27T00:00:00","voiced16_20",0,0
"ObjectId(""683570859da2c206d6b387e3"")",1,"2025-05-28T00:00:00","voiced16_20",0,0
"ObjectId(""683570859da2c206d6b387e4"")",1,"2025-05-29T00:00:00","voiced16_20",0,0
"ObjectId(""683570859da2c206d6b387e5"")",1,"2025-05-30T00:00:00","voiced16_20",0,0
"ObjectId(""683570859da2c206d6b387e6"")",1,"2025-05-31T00:00:00","voiced16_20",0,0
"ObjectId(""683570859da2c206d6b387e7"")",1,"2025-06-01T00:00:00","voiced16_20",0,0
"ObjectId(""683570859da2c206d6b387e8"")",1,"2025-06-02T00:00:00","voiced16_20",0,0
"ObjectId(""683570859da2c206d6b387e9"")",1,"2025-06-04T00:00:00","voiced16_20",0,0
"ObjectId(""683570859da2c206d6b387ea"")",1,"2025-06-05T00:00:00","voiced16_20",0,0
"ObjectId(""683570859da2c206d6b387eb"")",1,"2025-06-06T00:00:00","voiced16_20",0,0
"ObjectId(""683570859da2c206d6b387ec"")",1,"2025-06-07T00:00:00","voiced16_20",0,0
"ObjectId(""683570859da2c206d6b387ed"")",1,"2025-06-08T00:00:00","voiced16_20",0,0
"ObjectId(""683570859da2c206d6b387ee"")",1,"2025-06-09T00:00:00","voiced16_20",0,0
"ObjectId(""683570859da2c206d6b387ef"")",1,"2025-06-10T00:00:00","voiced16_20",0,0
"ObjectId(""683570859da2c206d6b387f0"")",1,"2025-06-11T00:00:00","voiced16_20",0,0
"ObjectId(""683570859da2c206d6b387f1"")",1,"2025-06-13T00:00:00","voiced16_20",0,0
"ObjectId(""683570859da2c206d6b387f2"")",1,"2025-06-15T00:00:00","voiced16_20",0,0
"ObjectId(""683570859da2c206d6b387f3"")",1,"2025-06-16T00:00:00","voiced16_20",0,0
"ObjectId(""683570859da2c206d6b387f4"")",1,"2025-06-17T00:00:00","voiced16_20",0,0
"ObjectId(""683570859da2c206d6b387f5"")",1,"2025-06-18T00:00:00","voiced16_20",0,0
"ObjectId(""683570859da2c206d6b387f6"")",1,"2025-06-19T00:00:00","voiced16_20",0,0
"ObjectId(""683570859da2c206d6b387f7"")",1,"2025-06-20T00:00:00","voiced16_20",0,0
"ObjectId(""683570859da2c206d6b387f8"")",1,"2025-06-21T00:00:00","voiced16_20",0,0
"ObjectId(""683570859da2c206d6b387f9"")",1,"2025-06-22T00:00:00","voiced16_20",0,0